id,Product/Name,Partner Store,Location/Full Location Name,Quantity
,T21089-1,,SPECL/Stock,12
,T21162-1,,SPECL/Stock,12
,T21161-1,,SPECL/Stock,12
,T21128-1,,SPECL/Stock,12
,T21088-1,,SPECL/Stock,12
,T21136-1,,SPECL/Stock,12
,T21131-1,,SPECL/Stock,12
,T21130-1,,SPECL/Stock,12
,0425-1,,SPECL/Stock,11
,M1952-18,,SPECL/Stock,1
,T21074-1,,HDCOM/Stock,6
,T21114-1,,HDCOM/Stock,2
,T21120-1,,HDCOM/Stock,1
,T21072-1,,HDCOM/Stock,3
,T21073-1,,HDCOM/Stock,2
,M22006-8,,HDBAL/Stock,2
,0403-3,,SPECL/Stock,2
,922010-1,,SPECL/Stock,23
,922012-1,,SPECL/Stock,2
,922016-1,,SPECL/Stock,5
,922014-1,,SPECL/Stock,7
,BM1915-19,,FHLIP/Stock,1
,5011094-12,,FHLIP/Stock,1
,W17186-8,,FHLIP/Stock,1
,1621865-14,,FHLIP/Stock,1
,1742055-17,,FHLIP/Stock,1
,T21131-1,,HDORT/Stock,3
,T21102-1,,HDORT/Stock,1
,T21128-1,,HDORT/Stock,1
,W1975-4,,HDCOM/Stock,9
,T21151-1,,HDBAL/Stock,4
,RW16316-6,,HDBAL/Stock,1
,20-03019-1,,HDBAL/Stock,2
,922011-1,,SPECL/Stock,11
,922015-1,,SPECL/Stock,2
,922013-1,,SPECL/Stock,3
,922007-1,,SPECL/Stock,3
,922008-1,,SPECL/Stock,3
,X20034-1,,XOHVI/Stock,7
,X21002-1,,XOHVI/Stock,5
,X21018-1,,XOHVI/Stock,17
,X21022-1,,XOHVI/Stock,13
,X21161-1,,XOHVI/Stock,15
,X20033-1,,XOHVI/Stock,20
,X21017-1,,XOHVI/Stock,19
,X21019-1,,XOHVI/Stock,20
,X21023-1,,XOHVI/Stock,16
,X16439-1,,XOHVI/Stock,18
,X17503-1,,XOHVI/Stock,8
,X19226-1,,XOHVI/Stock,7
,X1971-1,,XOHVI/Stock,9
,X17753-1,,XOHVI/Stock,6
,X16260-1,,XOHVI/Stock,9
,X17710-1,,XOHVI/Stock,16
,X15223-1,,XOHVI/Stock,20
,X16128-1,,XOHVI/Stock,20
,X16189-1,,XOHVI/Stock,20
,X16190-2,,XOHVI/Stock,20
,X16193-1,,XOHVI/Stock,14
,X16294-1,,XOHVI/Stock,16
,X17131-1,,XOHVI/Stock,15
,X17134-1,,XOHVI/Stock,20
,X17139-1,,XOHVI/Stock,20
,X17140-1,,XOHVI/Stock,20
,X17141-1,,XOHVI/Stock,20
,IX1984-1,,XOHVI/Stock,13
,X17762-1,,XOHVI/Stock,2
,X16223-1,,XOHVI/Stock,18
,X17612-1,,XOHVI/Stock,20
,X19263-1,,XOHCL/Stock,13
,X1992-1,,XOHCL/Stock,19
,X21018-1,,XOHCL/Stock,9
,X20033-1,,XOHCL/Stock,6
,X21017-1,,XOHCL/Stock,18
,IX1984-1,,XOHCL/Stock,12
,X17762-1,,XOHCL/Stock,15
,X19237-1,,XOHCL/Stock,25
,IX1987-1,,XOHCL/Stock,10
,X17502-1,,XOHCL/Stock,9
,X1997-1,,XOHCL/Stock,25
,X20061-1,,XOHCL/Stock,22
,X21162-1,,XOHCL/Stock,26
,X17712-1,,XOHCL/Stock,18
,X16108-1x,,XOHCL/Stock,4
,X16439-1,,XOHCL/Stock,30
,X17326-1,,XOHCL/Stock,17
,X17503-1,,XOHCL/Stock,20
,X19227-1,,XOHCL/Stock,14
,X1965-1,,XOHCL/Stock,7
,X1993-1,,XOHCL/Stock,1
,X21153-1,,XOHCL/Stock,12
,X19226-1,,XOHCL/Stock,15
,X19249-1,,XOHCL/Stock,1
,X1971-1,,XOHCL/Stock,6
,X16258-1,,XOHCL/Stock,9
,X15223-1,,XOHCL/Stock,30
,X16128-1,,XOHCL/Stock,30
,X16189-1,,XOHCL/Stock,30
,X16190-2,,XOHCL/Stock,30
,X16193-1,,XOHCL/Stock,30
,X16195-1,,XOHCL/Stock,20
,X16196-1,,XOHCL/Stock,30
,X16294-1,,XOHCL/Stock,28
,X17131-1,,XOHCL/Stock,11
,X17134-1,,XOHCL/Stock,30
,X17139-1,,XOHCL/Stock,30
,X17140-1,,XOHCL/Stock,30
,X17141-1,,XOHCL/Stock,30
,X15223-1,,XOHNE/Stock,20
,X16128-1,,XOHNE/Stock,19
,X16189-1,,XOHNE/Stock,20
,X16190-2,,XOHNE/Stock,20
,X16193-1,,XOHNE/Stock,20
,X16294-1,,XOHNE/Stock,20
,X17131-1,,XOHNE/Stock,15
,X17134-1,,XOHNE/Stock,20
,X17139-1,,XOHNE/Stock,19
,X17140-1,,XOHNE/Stock,20
,X17141-1,,XOHNE/Stock,19
,IX19203-1,,XOHNE/Stock,12
,X1993-1,,XOHNE/Stock,13
,IX19226-1,,XOHNE/Stock,3
,X1995-1,,XOHNE/Stock,10
,X19263-1,,XOHNE/Stock,20
,X19266-1,,XOHNE/Stock,12
,X21003-1,,XOHNE/Stock,14
,X17712-1,,XOHNE/Stock,15
,X17503-1,,XOHNE/Stock,16
,IX1984-1,,XOHNE/Stock,13
,X17762-1,,XOHNE/Stock,10
,X1957-1,,XOHNE/Stock,19
,X21163-1,,XOHNE/Stock,17
,X17502-1,,XOHNE/Stock,16
,X19273-1,,XOHNE/Stock,9
,X20061-1,,XOHNE/Stock,12
,X15223-1,,XOHME/Stock,11
,X16128-1,,XOHME/Stock,1
,X16189-1,,XOHME/Stock,1
,X16190-2,,XOHME/Stock,16
,X16193-1,,XOHME/Stock,3
,X16195-1,,XOHME/Stock,5
,X17139-1,,XOHME/Stock,5
,X19237-1,,XOHME/Stock,18
,X1957-1,,XOHME/Stock,17
,X17502-1,,XOHME/Stock,20
,X19273-1,,XOHME/Stock,20
,X21018-1,,XOHME/Stock,27
,X17763-1,,XOHME/Stock,16
,X16258-1,,XOHME/Stock,2
,IX19203-1,,XOHME/Stock,11
,X16258-1,,XOHPA/Stock,15
,X19227-1,,XOHPA/Stock,10
,X1993-1,,XOHPA/Stock,3
,X21093-1,,XOHPA/Stock,20
,X21103-1,,XOHPA/Stock,29
,X21157-1,,XOHPA/Stock,25
,IX19205-1,,XOHPA/Stock,10
,X19226-1,,XOHPA/Stock,14
,X19249-1,,XOHPA/Stock,3
,X21152-1,,XOHPA/Stock,12
,X17763-1,,XOHPA/Stock,20
,X16108-1x,,XOHPA/Stock,8
,X16439-1,,XOHPA/Stock,30
,X17326-1,,XOHPA/Stock,4
,X17503-1,,XOHPA/Stock,20
,X17759-1,,XOHPA/Stock,30
,X19241-1S,,XOHPA/Stock,26
,IX1984-1,,XOHPA/Stock,12
,X17762-1,,XOHPA/Stock,15
,X19237-1,,XOHPA/Stock,18
,X1957-1,,XOHPA/Stock,2
,X1966-1,,XOHPA/Stock,29
,X21050-1,,XOHPA/Stock,29
,X21163-1,,XOHPA/Stock,30
,X21164-1,,XOHPA/Stock,24
,X16223-1,,XOHPA/Stock,22
,X17612-1,,XOHPA/Stock,7
,X19243-1,,XOHPA/Stock,29
,X20061-1,,XOHPA/Stock,11
,X20072-1,,XOHPA/Stock,29
,X21158-1,,XOHPA/Stock,23
,X21162-1,,XOHPA/Stock,30
,X21002-1,,XOHPA/Stock,7
,X21018-1,,XOHPA/Stock,30
,X20033-1,,XOHPA/Stock,7
,X21003-1,,XOHPA/Stock,16
,X21017-1,,XOHPA/Stock,30
,X1996-1,,XOHMO/Stock,7
,X19394-1,,XOHMO/Stock,20
,X17753-1,,XOHMO/Stock,20
,X20073-1,,XOHMO/Stock,20
,X21107-1,,XOHMO/Stock,15
,X1992-1,,XOHMO/Stock,17
,X19227-1,,XOHMO/Stock,17
,X19221-1,,XOHMO/Stock,16
,X21089-1,,XOHMO/Stock,17
,X1993-1,,XOHMO/Stock,2
,X21093-1,,XOHMO/Stock,12
,X16108-1x,,XOHMO/Stock,10
,X16439-1,,XOHMO/Stock,11
,X17503-1,,XOHMO/Stock,10
,X17759-1,,XOHMO/Stock,6
,X1957-1,,XOHMO/Stock,10
,X21163-1,,XOHMO/Stock,12
,X21164-1,,XOHMO/Stock,10
,X1997-1,,XOHMO/Stock,9
,X20072-1,,XOHMO/Stock,10
,M22001-5,,FSWHS/Stock,2
,M22002-5,,FSWHS/Stock,2
,M22007-9,,FSWHS/Stock,2
,T18207-1,,FSWHS/Stock,2
,T18217-1,,FSWHS/Stock,2
,T21069-1,,FSWHS/Stock,1
,T21072-1,,FSWHS/Stock,3
,T21073-1,,FSWHS/Stock,3
,T21104-1,,FSWHS/Stock,1
,T21116-1,,FSWHS/Stock,1
,T21118-1,,FSWHS/Stock,1
,T21124-1,,FSWHS/Stock,2
,T21126-1,,FSWHS/Stock,3
,T21127-1,,FSWHS/Stock,2
,T21128-1,,FSWHS/Stock,3
,T21132-1,,FSWHS/Stock,1
,T21136-1,,FSWHS/Stock,2
,T21137-1,,FSWHS/Stock,1
,T21142-1,,FSWHS/Stock,2
,T21151-1,,FSWHS/Stock,1
,T21153-1,,FSWHS/Stock,3
,X19394-1,,XOHME/Stock,18
,X20033-1,,XOHME/Stock,5
,X19393-1,,XOHVI/Stock,4
,X1992-1,,XOHVI/Stock,15
,X19394-1,,XOHVI/Stock,2
,X1996-1,,XOHVI/Stock,9
,X19237-1,,XOHVI/Stock,19
,X1966-1,,XOHVI/Stock,15
,X1984-1,,XOHVI/Stock,18
,X1991-1,,XOHVI/Stock,16
,X20073-1,,XOHVI/Stock,13
,X21050-1,,XOHVI/Stock,14
,X21159-1,,XOHVI/Stock,20
,X21163-1,,XOHVI/Stock,18
,X21164-1,,XOHVI/Stock,18
,X17746-1,,XOHVI/Stock,7
,X19243-1,,XOHVI/Stock,15
,X19265-1,,XOHVI/Stock,20
,X1997-1,,XOHVI/Stock,12
,X20072-1,,XOHVI/Stock,14
,X21051-1,,XOHVI/Stock,16
,X21158-1,,XOHVI/Stock,20
,X21162-1,,XOHVI/Stock,20
,X1957-1,,XOHVI/Stock,8
,X19221-1,,XOHVI/Stock,11
,X20063-1,,XOHVI/Stock,12
,X21036-1,,XOHVI/Stock,20
,X16108-1,,XOHVI/Stock,14
,X16712-1,,XOHVI/Stock,9
,X17625-1,,XOHVI/Stock,20
,X17759-1,,XOHVI/Stock,14
,X19144-1,,XOHVI/Stock,19
,X19224-1,,XOHVI/Stock,12
,X19241-1S,,XOHVI/Stock,12
,X20062-1,,XOHVI/Stock,20
,X21037-1,,XOHVI/Stock,12
,X19227-1,,XOHVI/Stock,4
,X1993-1,,XOHVI/Stock,2
,X21089-1,,XOHVI/Stock,10
,X21093-1,,XOHVI/Stock,20
,X21103-1,,XOHVI/Stock,18
,X21105-1,,XOHVI/Stock,17
,X21153-1,,XOHVI/Stock,20
,X21155-1,,XOHVI/Stock,20
,X21157-1,,XOHVI/Stock,16
,X21088-1,,XOHVI/Stock,17
,X21092-1,,XOHVI/Stock,19
,X21102-1,,XOHVI/Stock,19
,X21104-1,,XOHVI/Stock,20
,X21107-1,,XOHVI/Stock,15
,X21152-1,,XOHVI/Stock,18
,X21154-1,,XOHVI/Stock,14
,X21156-1,,XOHVI/Stock,20
,X17749-1,,XOHVI/Stock,19
,X19263-1,,XOHPA/Stock,4
,X19393-1,,XOHPA/Stock,30
,X1992-1,,XOHPA/Stock,9
,X20034-1,,XOHPA/Stock,6
,X21022-1,,XOHPA/Stock,23
,X21161-1,,XOHPA/Stock,28
,X19266-1,,XOHPA/Stock,3
,X19394-1,,XOHPA/Stock,11
,X1996-1,,XOHPA/Stock,3
,X21019-1,,XOHPA/Stock,29
,X21023-1,,XOHPA/Stock,26
,X1984-1,,XOHPA/Stock,12
,X1991-1,,XOHPA/Stock,12
,X20073-1,,XOHPA/Stock,24
,X21159-1,,XOHPA/Stock,30
,X19265-1,,XOHPA/Stock,1
,X19273-1,,XOHPA/Stock,9
,X1969-1,,XOHPA/Stock,1
,X21051-1,,XOHPA/Stock,28
,X19221-1,,XOHPA/Stock,21
,X20063-1,,XOHPA/Stock,44
,X21036-1,,XOHPA/Stock,24
,IX17601-1,,XOHPA/Stock,5
,X16712-1,,XOHPA/Stock,3
,X17625-1,,XOHPA/Stock,13
,X19144-1,,XOHPA/Stock,19
,X19224-1,,XOHPA/Stock,14
,X21037-1,,XOHPA/Stock,30
,X20062-1,,XOHPA/Stock,29
,IX19203-1,,XOHPA/Stock,15
,X19247-1,,XOHPA/Stock,15
,X1965-1,,XOHPA/Stock,22
,X21089-1,,XOHPA/Stock,6
,X21105-1,,XOHPA/Stock,30
,X21153-1,,XOHPA/Stock,18
,X21155-1,,XOHPA/Stock,16
,X1995-1,,XOHPA/Stock,2
,X21088-1,,XOHPA/Stock,3
,X21092-1,,XOHPA/Stock,17
,X21102-1,,XOHPA/Stock,26
,X21104-1,,XOHPA/Stock,17
,X21107-1,,XOHPA/Stock,22
,X21154-1,,XOHPA/Stock,15
,X21156-1,,XOHPA/Stock,19
,X17753-1,,XOHPA/Stock,19
,X17710-1,,XOHPA/Stock,20
,X17749-1,,XOHPA/Stock,30
,X15223-1,,XOHPA/Stock,20
,X16128-1,,XOHPA/Stock,30
,X16189-1,,XOHPA/Stock,30
,X16190-2,,XOHPA/Stock,22
,X16294-1,,XOHPA/Stock,25
,X17134-1,,XOHPA/Stock,29
,X17139-1,,XOHPA/Stock,30
,X17141-1,,XOHPA/Stock,30
,X16193-1,,XOHPA/Stock,28
,X19393-1,,XOHCL/Stock,30
,X20034-1,,XOHCL/Stock,30
,X21022-1,,XOHCL/Stock,30
,X21161-1,,XOHCL/Stock,14
,X19266-1,,XOHCL/Stock,12
,X19394-1,,XOHCL/Stock,11
,X1996-1,,XOHCL/Stock,2
,X21003-1,,XOHCL/Stock,5
,X21019-1,,XOHCL/Stock,22
,X21023-1,,XOHCL/Stock,8
,X1957-1,,XOHCL/Stock,2
,X1966-1,,XOHCL/Stock,10
,X1984-1,,XOHCL/Stock,5
,X1991-1,,XOHCL/Stock,8
,X20073-1,,XOHCL/Stock,4
,X21050-1,,XOHCL/Stock,4
,X21159-1,,XOHCL/Stock,25
,X21163-1,,XOHCL/Stock,30
,X21164-1,,XOHCL/Stock,16
,X16223-1,,XOHCL/Stock,23
,X17612-1,,XOHCL/Stock,15
,X17746-1,,XOHCL/Stock,11
,X19243-1,,XOHCL/Stock,21
,X19265-1,,XOHCL/Stock,26
,X19273-1,,XOHCL/Stock,19
,X1969-1,,XOHCL/Stock,20
,X20072-1,,XOHCL/Stock,22
,X21051-1,,XOHCL/Stock,2
,X21158-1,,XOHCL/Stock,26
,X17763-1,,XOHCL/Stock,20
,X19221-1,,XOHCL/Stock,17
,X20063-1,,XOHCL/Stock,27
,X21036-1,,XOHCL/Stock,29
,IX17601-1,,XOHCL/Stock,2
,X16108-1,,XOHCL/Stock,24
,X16712-1,,XOHCL/Stock,3
,X17625-1,,XOHCL/Stock,11
,X17759-1,,XOHCL/Stock,28
,X19144-1,,XOHCL/Stock,23
,X19224-1,,XOHCL/Stock,7
,X19241-1S,,XOHCL/Stock,18
,X20062-1,,XOHCL/Stock,27
,X21037-1,,XOHCL/Stock,30
,IX19203-1,,XOHCL/Stock,4
,X21089-1,,XOHCL/Stock,9
,X21093-1,,XOHCL/Stock,14
,X21103-1,,XOHCL/Stock,19
,X21105-1,,XOHCL/Stock,22
,X21155-1,,XOHCL/Stock,5
,X21157-1,,XOHCL/Stock,8
,IX19205-1,,XOHCL/Stock,9
,X1995-1,,XOHCL/Stock,8
,X21088-1,,XOHCL/Stock,18
,X21092-1,,XOHCL/Stock,24
,X21102-1,,XOHCL/Stock,27
,X21104-1,,XOHCL/Stock,17
,X21107-1,,XOHCL/Stock,4
,X21152-1,,XOHCL/Stock,15
,X21154-1,,XOHCL/Stock,11
,X21156-1,,XOHCL/Stock,16
,X16260-1,,XOHCL/Stock,11
,X17710-1,,XOHCL/Stock,14
,X17749-1,,XOHCL/Stock,28
,X1992-1,,XOHNE/Stock,8
,X20034-1,,XOHNE/Stock,9
,X21002-1,,XOHNE/Stock,18
,X21018-1,,XOHNE/Stock,13
,X21022-1,,XOHNE/Stock,17
,X21161-1,,XOHNE/Stock,15
,X19394-1,,XOHNE/Stock,9
,X1996-1,,XOHNE/Stock,3
,X20033-1,,XOHNE/Stock,12
,X21017-1,,XOHNE/Stock,18
,X21019-1,,XOHNE/Stock,18
,X21023-1,,XOHNE/Stock,11
,X19237-1,,XOHNE/Stock,20
,X1966-1,,XOHNE/Stock,13
,X1984-1,,XOHNE/Stock,10
,X1991-1,,XOHNE/Stock,18
,X20073-1,,XOHNE/Stock,12
,X21050-1,,XOHNE/Stock,14
,X21159-1,,XOHNE/Stock,9
,X21164-1,,XOHNE/Stock,15
,X16223-1,,XOHNE/Stock,17
,X17612-1,,XOHNE/Stock,4
,X17746-1,,XOHNE/Stock,20
,X19243-1,,XOHNE/Stock,14
,X19265-1,,XOHNE/Stock,20
,X1997-1,,XOHNE/Stock,12
,X20072-1,,XOHNE/Stock,20
,X21051-1,,XOHNE/Stock,20
,X21158-1,,XOHNE/Stock,18
,X21162-1,,XOHNE/Stock,20
,X19221-1,,XOHNE/Stock,13
,X20063-1,,XOHNE/Stock,20
,X21036-1,,XOHNE/Stock,8
,X16108-1,,XOHNE/Stock,20
,X16439-1,,XOHNE/Stock,20
,X16712-1,,XOHNE/Stock,11
,X17625-1,,XOHNE/Stock,14
,X17759-1,,XOHNE/Stock,20
,X19144-1,,XOHNE/Stock,20
,X19224-1,,XOHNE/Stock,13
,X19241-1S,,XOHNE/Stock,20
,X20062-1,,XOHNE/Stock,18
,X21037-1,,XOHNE/Stock,20
,X19227-1,,XOHNE/Stock,13
,X21089-1,,XOHNE/Stock,11
,X21093-1,,XOHNE/Stock,20
,X21103-1,,XOHNE/Stock,20
,X21105-1,,XOHNE/Stock,18
,X21153-1,,XOHNE/Stock,20
,X21155-1,,XOHNE/Stock,13
,X21157-1,,XOHNE/Stock,12
,X19226-1,,XOHNE/Stock,17
,X1971-1,,XOHNE/Stock,13
,X21088-1,,XOHNE/Stock,12
,X21092-1,,XOHNE/Stock,10
,X21102-1,,XOHNE/Stock,20
,X21104-1,,XOHNE/Stock,20
,X21107-1,,XOHNE/Stock,20
,X21152-1,,XOHNE/Stock,20
,X21154-1,,XOHNE/Stock,19
,X21156-1,,XOHNE/Stock,7
,X16260-1,,XOHNE/Stock,4
,X17749-1,,XOHNE/Stock,12
,X19263-1,,XOHME/Stock,13
,X19393-1,,XOHME/Stock,13
,X1992-1,,XOHME/Stock,16
,X20034-1,,XOHME/Stock,5
,X21022-1,,XOHME/Stock,16
,X21161-1,,XOHME/Stock,9
,X19266-1,,XOHME/Stock,8
,X1996-1,,XOHME/Stock,11
,X21017-1,,XOHME/Stock,10
,X21019-1,,XOHME/Stock,26
,X21023-1,,XOHME/Stock,20
,IX1984-1,,XOHME/Stock,4
,X16688-1,,XOHME/Stock,16
,X17762-1,,XOHME/Stock,22
,X1966-1,,XOHME/Stock,6
,X1984-1,,XOHME/Stock,17
,X1991-1,,XOHME/Stock,18
,X20073-1,,XOHME/Stock,16
,X21050-1,,XOHME/Stock,17
,X21159-1,,XOHME/Stock,15
,X21163-1,,XOHME/Stock,18
,X21164-1,,XOHME/Stock,7
,X16223-1,,XOHME/Stock,14
,X17612-1,,XOHME/Stock,11
,X19243-1,,XOHME/Stock,18
,X19265-1,,XOHME/Stock,20
,X20061-1,,XOHME/Stock,7
,X20072-1,,XOHME/Stock,17
,X21051-1,,XOHME/Stock,17
,X21158-1,,XOHME/Stock,20
,X21162-1,,XOHME/Stock,18
,X17712-1,,XOHME/Stock,7
,X19221-1,,XOHME/Stock,25
,X20063-1,,XOHME/Stock,32
,X21036-1,,XOHME/Stock,16
,IX17601-1,,XOHME/Stock,6
,X16108-1,,XOHME/Stock,17
,X16439-1,,XOHME/Stock,13
,X16712-1,,XOHME/Stock,6
,X17326-1,,XOHME/Stock,16
,X17503-1,,XOHME/Stock,9
,X17625-1,,XOHME/Stock,19
,X17759-1,,XOHME/Stock,13
,X19144-1,,XOHME/Stock,19
,X19224-1,,XOHME/Stock,20
,X19241-1S,,XOHME/Stock,16
,X20062-1,,XOHME/Stock,14
,X21037-1,,XOHME/Stock,20
,X19227-1,,XOHME/Stock,35
,X1993-1,,XOHME/Stock,8
,X21089-1,,XOHME/Stock,25
,X21093-1,,XOHME/Stock,13
,X21103-1,,XOHME/Stock,15
,X21105-1,,XOHME/Stock,19
,X21153-1,,XOHME/Stock,10
,X21157-1,,XOHME/Stock,19
,X19226-1,,XOHME/Stock,9
,X1971-1,,XOHME/Stock,14
,X1995-1,,XOHME/Stock,7
,X21088-1,,XOHME/Stock,20
,X21092-1,,XOHME/Stock,19
,X21102-1,,XOHME/Stock,23
,X21104-1,,XOHME/Stock,20
,X21107-1,,XOHME/Stock,1
,X21152-1,,XOHME/Stock,5
,X21154-1,,XOHME/Stock,6
,X21156-1,,XOHME/Stock,16
,X17753-1,,XOHME/Stock,5
,X16260-1,,XOHME/Stock,10
,X17710-1,,XOHME/Stock,9
,X17749-1,,XOHME/Stock,15
,M22006-8,,RDSAL/Stock,1
,T16122-1,,RDSAL/Stock,5
,T16260-1,,RDSAL/Stock,2
,T1979-1,,RDSAL/Stock,4
,T21086-1,,RDSAL/Stock,5
,T21141-1,,RDSAL/Stock,3
,T21143-1,,RDSAL/Stock,5
,T21145-1,,RDSAL/Stock,1
,T21154-1,,RDSAL/Stock,7
,T21155-1,,RDSAL/Stock,4
,T21157-1,,RDSAL/Stock,4
,T21161-1,,RDSAL/Stock,8
,T21186-1,,RDSAL/Stock,1
,T21189-1,,RDSAL/Stock,2
,T21194-1,,RDSAL/Stock,4
,T21129-1,,RDSAL/Stock,3
,T18125-1,,HDBAL/Stock,1
,T1864-1,,HDBAL/Stock,1
,T21087-1,,HDBAL/Stock,4
,T21089-1,,HDBAL/Stock,1
,T21091-1,,HDBAL/Stock,1
,T21092-1,,HDBAL/Stock,2
,T21158-1,,HDBAL/Stock,3
,T21161-1,,HDBAL/Stock,2
,T21180-1,,HDBAL/Stock,2
,T21184-1,,HDBAL/Stock,2
,T21185-1,,HDBAL/Stock,2
,T21186-1,,HDBAL/Stock,2
,T21192-1,,HDBAL/Stock,2
,T21193-1,,HDBAL/Stock,1
,09234-1-581,,MMURD/Stock,1
,822021-20,,MMURD/Stock,1
,822022-20,,MMURD/Stock,1
,M22003-6,,MMURD/Stock,1
,M22004-6,,MMURD/Stock,1
,M22005-6,,MMURD/Stock,1
,SW21702-12,,MMURD/Stock,1
,M22004-6,,MMSNC/Stock,2
,822013-17,,MMSNC/Stock,1
,822011-17,,MMSNC/Stock,1
,822021-20,,MMSNC/Stock,1
,822022-20,,MMSNC/Stock,1
,W21601-2,,MMSNC/Stock,1
,W21603-2,,MMSNC/Stock,1
,SW21036-9,,MMSNC/Stock,1
,SW21704-12,,MMSNC/Stock,1
,SW21718-12,,MMSNC/Stock,1
,X19237-1,,XOHMO/Stock,11
,X1966-1,,XOHMO/Stock,11
,X1984-1,,XOHMO/Stock,12
,X1991-1,,XOHMO/Stock,9
,X21050-1,,XOHMO/Stock,10
,X21159-1,,XOHMO/Stock,12
,X16223-1,,XOHMO/Stock,12
,X19243-1,,XOHMO/Stock,12
,X19265-1,,XOHMO/Stock,11
,X20061-1,,XOHMO/Stock,8
,X21051-1,,XOHMO/Stock,12
,X21158-1,,XOHMO/Stock,12
,X21162-1,,XOHMO/Stock,12
,X19393-1,,XOHMO/Stock,9
,X20034-1,,XOHMO/Stock,11
,X21018-1,,XOHMO/Stock,12
,X21022-1,,XOHMO/Stock,6
,X21161-1,,XOHMO/Stock,12
,X20033-1,,XOHMO/Stock,1
,X21019-1,,XOHMO/Stock,11
,X21023-1,,XOHMO/Stock,12
,X20063-1,,XOHMO/Stock,12
,X21036-1,,XOHMO/Stock,11
,X16712-1,,XOHMO/Stock,3
,X17625-1,,XOHMO/Stock,12
,X19144-1,,XOHMO/Stock,1
,X19224-1,,XOHMO/Stock,11
,X19241-1S,,XOHMO/Stock,12
,X20062-1,,XOHMO/Stock,12
,X21037-1,,XOHMO/Stock,12
,X21103-1,,XOHMO/Stock,12
,X21105-1,,XOHMO/Stock,11
,X21153-1,,XOHMO/Stock,12
,X21155-1,,XOHMO/Stock,12
,X21157-1,,XOHMO/Stock,12
,X21088-1,,XOHMO/Stock,10
,X21092-1,,XOHMO/Stock,11
,X21102-1,,XOHMO/Stock,12
,X21104-1,,XOHMO/Stock,12
,X21152-1,,XOHMO/Stock,11
,X21156-1,,XOHMO/Stock,11
,X17710-1,,XOHMO/Stock,12
,X17749-1,,XOHMO/Stock,8
,X15223-1,,XOHMO/Stock,8
,X16189-1,,XOHMO/Stock,8
,X16190-2,,XOHMO/Stock,8
,X16196-1,,XOHMO/Stock,12
,X16294-1,,XOHMO/Stock,12
,X17134-1,,XOHMO/Stock,12
,X17139-1,,XOHMO/Stock,12
,X17140-1,,XOHMO/Stock,12
,X17141-1,,XOHMO/Stock,12
,1222004-1,,FSWHS/Stock,72
,1222005-1,,FSWHS/Stock,120
,SW21532-8,,FHLIP/Stock,1
,M1639-12,,FHLIP/Stock,1
,X17131-1,,XOHME/Stock,1
,X21003-1,,XOHME/Stock,2
,X17134-1,,XOHME/Stock,5
,X17141-1,,XOHME/Stock,4
,06020-1-801,,FSATC/Stock,1
,T18151-1,,FSATC/Stock,4
,09206-1-801,,RURT/Stock,1
,09206-1-801,,RUMKT/Stock,2
,06021-1-801,,RUMKT/Stock,1
,T18151-1,,RUMKT/Stock,2
,T16295-1,,HDORT/Stock,1
,T18102-1,,HDORT/Stock,1
,T18157-1,,HDORT/Stock,3
,T1978-2,,HDORT/Stock,2
,T1979-1,,HDORT/Stock,4
,T21074-1,,HDORT/Stock,1
,T21075-1,,HDORT/Stock,3
,T21112-1,,HDORT/Stock,2
,T21125-1,,HDORT/Stock,2
,T21129-1,,HDORT/Stock,2
,T21130-1,,HDORT/Stock,4
,T21136-1,,HDORT/Stock,1
,X21154-1,,XOHMO/Stock,8
,X19226-1,,XOHMO/Stock,9
,T21129-1,,SPECL/Stock,1
,T21132-1,,SPECL/Stock,1
,T21154-1,,SPECL/Stock,1
,TS1854-1,,HDORT/Stock,1
,T21088-1,,HDORT/Stock,2
,T21090-1,,HDORT/Stock,1
,T21091-1,,HDORT/Stock,3
,T21093-1,,HDORT/Stock,1
,T21094-1,,HDORT/Stock,1
,T21158-1,,HDORT/Stock,1
,T21161-1,,HDORT/Stock,4
,T21185-1,,HDORT/Stock,1
,T21191-1,,HDORT/Stock,1
,T21192-1,,HDORT/Stock,1
,T21193-1,,HDORT/Stock,1
,T21194-1,,HDORT/Stock,2
,T1751-1,,LANAL/Stock,1
,T1883-1,,LANAL/Stock,1
,T1741-1,,LANPA/Stock,2
,T1742-1,,LANPA/Stock,3
,T1745-1,,LANPA/Stock,1
,T1748-1,,LANPA/Stock,2
,T1749-1,,LANPA/Stock,1
,T1750-1,,LANPA/Stock,2
,T1751-1,,LANPA/Stock,3
,T1752-1,,LANPA/Stock,2
,T1881-1,,LANPA/Stock,1
,T1883-1,,LANPA/Stock,1
,T1885-1,,LANPA/Stock,1
,T1886-1,,LANPA/Stock,1
,T1889-1,,LANPA/Stock,1
,T1891-1,,LANPA/Stock,1
,702019-1,,LANPA/Stock,3
,1123008-1,,LANPA/Stock,1
,1123009-1,,LANPA/Stock,1
,1123010-1,,LANPA/Stock,1
,1123011-1,,LANPA/Stock,1
,1123012-1,,LANPA/Stock,1
,1123014-1,,LANPA/Stock,1
,06028-400,,HDCOM/Stock,5
,06028-414,,HDCOM/Stock,5
,06029-403,,HDCOM/Stock,5
,06029-414,,HDCOM/Stock,4
,TS21098-1,,HDCOM/Stock,3
,M22005-6,,HDALA/Stock,4
,M22006-8,,HDALA/Stock,2
,06028-400,,HDALA/Stock,5
,T21087-1,,HDALA/Stock,3
,T21089-1,,HDALA/Stock,2
,T21091-1,,HDALA/Stock,1
,T21093-1,,HDALA/Stock,3
,T21094-1,,HDALA/Stock,1
,T21155-1,,HDALA/Stock,3
,T21158-1,,HDALA/Stock,2
,T21161-1,,HDALA/Stock,2
,T21180-1,,HDALA/Stock,1
,T21188-1,,HDALA/Stock,1
,T21193-1,,HDALA/Stock,1
,T21194-1,,HDALA/Stock,2
,M1705-19,,FHLIP/Stock,1
,M1708-12,,FHLIP/Stock,1
,M1708-12,,FHBAT/Stock,2
,M1708-19,,FHBAT/Stock,1
,1122006-2,,FSHO/Stock,1
,1122001-1,,FSHO/Stock,1
,1122002-1,,FSHO/Stock,1
,1122003-1,,FSHO/Stock,1
,1122004-1,,FSHO/Stock,1
,1122007-1,,FSHO/Stock,1
,1122008-1,,FSHO/Stock,1
,T19162-1,,FSHO/Stock,1
,T1963-3,,FSHO/Stock,1
,T1946-1,,FSHO/Stock,1
,T1950-1,,FSHO/Stock,1
,T1954-1,,FSHO/Stock,1
,T1961-1,,FSHO/Stock,1
,T1962-1,,FSHO/Stock,1
,T1958-1,,FSHO/Stock,1
,O1843-1,,FSHO/Stock,1
,T1978-2,,RDSER/Stock,4
,T1979-1,,RDSER/Stock,4
,T21129-1,,RDSER/Stock,2
,T21136-1,,RDSER/Stock,5
,T21142-1,,RDSER/Stock,2
,T21152-1,,RDSER/Stock,1
,T21154-1,,RDSER/Stock,3
,T21155-1,,RDSER/Stock,4
,T21086-1,,RDSER/Stock,2
,M1703-19,,RDSAL/Stock,2
,M1708-19,,RDSAL/Stock,1
,T21019-1,,RDSAL/Stock,1
,T21150-1,,RDSAL/Stock,6
,T1978-2,,RDSAL/Stock,5
,T21125-1,,RDSAL/Stock,1
,T21136-1,,RDSAL/Stock,1
,1322038-8,,MMURD/Stock,1
,1322061-10,,MMURD/Stock,1
,1322062-10,,MMURD/Stock,1
,SW21728-12,,MMURD/Stock,1
,1322092-9,,MMURD/Stock,1
,1122001-1,,MMURD/Stock,4
,1122002-1,,MMURD/Stock,4
,1122003-1,,MMURD/Stock,4
,1122004-1,,MMURD/Stock,3
,1122008-1,,MMURD/Stock,1
,1322028-9,,MMURD/Stock,1
,1322036-8,,MMURD/Stock,1
,1322014-9,,MMURD/Stock,1
,1322017-9,,MMURD/Stock,1
,1322066-10,,MMURD/Stock,1
,W1724-10,,MMURD/Stock,1
,1322058-8,,MMSNC/Stock,1
,1322059-8,,MMSNC/Stock,1
,1322068-10,,MMSNC/Stock,1
,SW22104-8,,MMSNC/Stock,1
,W21484-2,,MMSNC/Stock,1
,W21602-2,,MMSNC/Stock,1
,RW16335-10,,MMSNC/Stock,1
,1322012-9,,MMSNC/Stock,1
,1322013-9,,MMSNC/Stock,1
,SW22110-8,,MMSNC/Stock,2
,SW22111-8,,MMSNC/Stock,1
,M1909-35,,RDSER/Stock,1
,T21161-1,,RDSER/Stock,2
,1223018-1,,RDSER/Stock,1
,T15305-1,,RDSER/Stock,1
,1223002-1,,RDSER/Stock,2
,1223007-1,,RDSER/Stock,1
,1223010-1,,RDSER/Stock,2
,1223011-1,,RDSER/Stock,2
,1223014-1,,RDSER/Stock,1
,T16125-1,,RDSAL/Stock,6
,T16270-1,,RDSAL/Stock,2
,T16175-1,,RDSAL/Stock,1
,T18159-1,,RDSAL/Stock,1
,1223020-1,,RDSAL/Stock,1
,1223002-1,,RDSAL/Stock,2
,1223005-1,,RDSAL/Stock,2
,1223007-1,,RDSAL/Stock,1
,1223011-1,,RDSAL/Stock,3
,1223017-1,,RDSAL/Stock,1
,T21180-1,,HDORT/Stock,1
,09257-1-801,,FSWHS/Stock,2
,09297-1-501,,FSWHS/Stock,2
,09298-1-501,,FSWHS/Stock,3
,14113-1-104,,HDBAL/Stock,4
,14114-1-804,,HDBAL/Stock,7
,14132-1-304,,HDBAL/Stock,18
,14138-1-402,,HDBAL/Stock,21
,14228-1-805,,HDBAL/Stock,18
,20001-1-803,,HDBAL/Stock,12
,23027-1-344,,HDBAL/Stock,6
,T16288-1,,HDBAL/Stock,2
,09347-140,,HDBAL/Stock,1
,09112-1-801,,HDBAL/Stock,1
,M22003-6,,HDBAL/Stock,2
,06028-400,,HDBAL/Stock,2
,06028-434,,HDBAL/Stock,4
,06029-400,,HDBAL/Stock,5
,06029-434,,HDBAL/Stock,4
,06030-414,,HDBAL/Stock,8
,06030-434,,HDBAL/Stock,6
,23027-1-344,,HDALA/Stock,8
,14149-1-804,,HDALA/Stock,11
,14200-1-813,,HDALA/Stock,14
,14206-1-805,,HDALA/Stock,12
,14226-1-102,,HDALA/Stock,12
,14227-1-812,,HDALA/Stock,12
,14228-1-805,,HDALA/Stock,11
,14033-1-813,,HDALA/Stock,1
,14102-1-804,,HDALA/Stock,9
,T21185-1,,HDALA/Stock,1
,09347-140,,HDALA/Stock,1
,09350-140,,HDALA/Stock,1
,09112-1-801,,HDALA/Stock,2
,T21183-1,,HDALA/Stock,1
,M22003-6,,HDALA/Stock,2
,RD1904-2,,HDALA/Stock,5
,06029-434,,HDALA/Stock,3
,06030-400,,HDALA/Stock,4
,T1707-2,,HDALA/Stock,1
,23027-1-344,,HDCOM/Stock,4
,06030-434,,HDCOM/Stock,6
,TS18209-1PK,,HDCOM/Stock,2
,1323008-20,,FHLIP/Stock,1
,1323009-34,,FHLIP/Stock,1
,1323010-24,,FHLIP/Stock,1
,T15163-1,,RDSAL/Stock,1
,1223002-1,,FSWHS/Stock,45
,1223007-1,,FSWHS/Stock,29
,1223008-1,,FSWHS/Stock,2
,1223010-1,,FSWHS/Stock,56
,1223011-1,,FSWHS/Stock,5
,1223014-1,,FSWHS/Stock,25
,1223020-1,,FSWHS/Stock,4
,BM1915-12,,MMSNC/Stock,1
,1123047-1,,RUMKT/Stock,2
,1123045-1,,RURT/Stock,6
,1123047-1,,RURT/Stock,5
,1123047-1,,RUATC/Stock,5
,TS1969-1,,RUATC/Stock,3
,09190-1-191,,SAH/Stock,1
,Rmspy,,SAH/Stock,5
,Rmspy,,SAH/Stock,11
,M1917-34,,FHBAT/Stock,1
,M1917-34,,FHLIP/Stock,1
,M1536-34,,FHLIP/Stock,2
,M1957-26,,FHLIP/Stock,1
,M1958-32,,FHLIP/Stock,1
,M1654-19,,FHBAT/Stock,1
,M1957-26,,FHBAT/Stock,1
,M1958-32,,FHBAT/Stock,1
,T21115-1,,HDORT/Stock,2
,T21101-1,,HDCOM/Stock,1
,T18148-1,,HDCOM/Stock,1
,M1919-29,,HDCOM/Stock,1
,M1919-34,,HDCOM/Stock,1
,M22002-5,,HDCOM/Stock,1
,M22003-6,,HDCOM/Stock,1
,923010-2,,MMSNC/Stock,3
,923013-2,,MMSNC/Stock,2
,923014-2,,MMSNC/Stock,2
,1123048-1,,MMSNC/Stock,2
,1123045-1,,MMSNC/Stock,1
,1123046-1,,MMSNC/Stock,2
,1323095-13,,MMSNC/Stock,1
,923010-2,,MMURD/Stock,3
,923013-2,,MMURD/Stock,2
,923014-2,,MMURD/Stock,2
,1123048-1,,MMURD/Stock,2
,1123045-1,,MMURD/Stock,2
,1123046-1,,MMURD/Stock,2
,1323103-13,,MMURD/Stock,1
,1323065-13,,MMURD/Stock,1
,1323064-13,,MMURD/Stock,1
,M1956-18,,HDBAL/Stock,1
,1123100-1,,HDBAL/Stock,2
,1123101-1,,HDBAL/Stock,2
,1123102-1,,HDBAL/Stock,2
,1223028-1,,HDBAL/Stock,2
,1223029-1,,HDBAL/Stock,2
,1223030-1,,HDBAL/Stock,2
,1223031-1,,HDBAL/Stock,2
,1223032-1,,HDBAL/Stock,2
,1223033-1,,HDBAL/Stock,2
,1223034-1,,HDBAL/Stock,2
,1123092-1,,HDBAL/Stock,2
,1123093-1,,HDBAL/Stock,2
,1123094-1,,HDBAL/Stock,2
,1123096-1,,HDBAL/Stock,2
,1123097-1,,HDBAL/Stock,1
,T21115-1,,HDBAL/Stock,2
,T21124-1,,HDBAL/Stock,4
,06029-403,,HDBAL/Stock,4
,M1919-29,,HDBAL/Stock,1
,T18147-1,,HDBAL/Stock,2
,T18148-1,,HDBAL/Stock,2
,1223060-1,,HDALA/Stock,1
,1223079-1,,HDALA/Stock,1
,1223083-1,,HDALA/Stock,1
,M1704-19,,HDALA/Stock,1
,M1957-26,,HDALA/Stock,1
,1123101-1,,HDALA/Stock,1
,1123102-1,,HDALA/Stock,2
,1223027-1,,HDALA/Stock,2
,1223028-1,,HDALA/Stock,1
,1223029-1,,HDALA/Stock,2
,1223032-1,,HDALA/Stock,1
,1223033-1,,HDALA/Stock,2
,1223034-1,,HDALA/Stock,2
,1123091-1,,HDALA/Stock,2
,1123092-1,,HDALA/Stock,2
,1123093-1,,HDALA/Stock,2
,1123094-1,,HDALA/Stock,2
,1123096-1,,HDALA/Stock,1
,1123097-1,,HDALA/Stock,1
,1123098-1,,HDALA/Stock,2
,T21127-1,,HDALA/Stock,2
,T21136-1,,HDALA/Stock,6
,T21143-1,,HDALA/Stock,10
,T21152-1,,HDALA/Stock,4
,W1974-5,,HDALA/Stock,10
,M1919-34,,HDALA/Stock,2
,T16290-1,,HDALA/Stock,4
,M1704-19,,RDSAL/Stock,1
,1123100-1,,RDSAL/Stock,2
,1123101-1,,RDSAL/Stock,1
,1123102-1,,RDSAL/Stock,1
,1223029-1,,RDSAL/Stock,2
,1223032-1,,RDSAL/Stock,1
,1223034-1,,RDSAL/Stock,3
,1123089-1,,RDSAL/Stock,1
,1123091-1,,RDSAL/Stock,2
,1123093-1,,RDSAL/Stock,2
,1123098-1,,RDSAL/Stock,1
,M1953-26,,RDSER/Stock,1
,M1957-26,,RDSER/Stock,1
,M1958-32,,RDSER/Stock,2
,1123100-1,,RDSER/Stock,1
,1123101-1,,RDSER/Stock,2
,1123102-1,,RDSER/Stock,2
,1223027-1,,RDSER/Stock,2
,1223029-1,,RDSER/Stock,2
,1223030-1,,RDSER/Stock,2
,1223031-1,,RDSER/Stock,1
,1223032-1,,RDSER/Stock,2
,1123088-1,,RDSER/Stock,1
,1123092-1,,RDSER/Stock,1
,1123093-1,,RDSER/Stock,1
,1123094-1,,RDSER/Stock,2
,1123097-1,,RDSER/Stock,2
,W1974-5,,HDCOM/Stock,6
,M1704-19,,HDCOM/Stock,1
,M1953-26,,HDCOM/Stock,1
,M1958-32,,HDCOM/Stock,1
,1123100-1,,HDCOM/Stock,1
,1123102-1,,HDCOM/Stock,2
,1223028-1,,HDCOM/Stock,1
,1223032-1,,HDCOM/Stock,1
,1223034-1,,HDCOM/Stock,2
,1123089-1,,HDCOM/Stock,1
,1123090-1,,HDCOM/Stock,1
,1123091-1,,HDCOM/Stock,1
,1123093-1,,HDCOM/Stock,2
,1123094-1,,HDCOM/Stock,1
,1123098-1,,HDCOM/Stock,2
,M1955-11,,HDBAL/Stock,1
,T16238-1,,HDBAL/Stock,1
,T16239-1,,HDBAL/Stock,1
,T1723-1,,HDBAL/Stock,2
,T18156-1,,HDBAL/Stock,1
,T21054-1,,HDBAL/Stock,2
,T21090-1,,HDBAL/Stock,2
,T21100-1,,HDBAL/Stock,1
,T21102-1,,HDBAL/Stock,1
,T21128-1,,HDBAL/Stock,5
,W1975-4,,HDBAL/Stock,3
,W1974-5,,HDBAL/Stock,8
,1223013-1,,RDSER/Stock,2
,M22003-6,,RDSER/Stock,3
,T21151-1,,RDSER/Stock,5
,T21004-2,,RDSER/Stock,1
,T16290-1,,HDORT/Stock,4
,T21087-1,,HDORT/Stock,3
,T21101-1,,HDORT/Stock,1
,T21130-1,,HDBAL/Stock,2
,M22004-6,,HDBAL/Stock,1
,TS18213-1BL,,HDBAL/Stock,1
,T1978-2,,HDBAL/Stock,2
,T1979-1,,HDBAL/Stock,2
,T21069-1,,HDBAL/Stock,2
,T21082-1,,HDBAL/Stock,1
,T21083-1,,HDBAL/Stock,2
,T21084-2,,HDBAL/Stock,3
,T21114-1,,HDBAL/Stock,3
,T21116-1,,HDBAL/Stock,1
,T21125-1,,HDBAL/Stock,3
,T21129-1,,HDBAL/Stock,2
,T21132-1,,HDBAL/Stock,2
,T21136-1,,HDBAL/Stock,3
,T21137-1,,HDBAL/Stock,1
,06028-403,,HDBAL/Stock,7
,06028-414,,HDBAL/Stock,10
,06030-400,,HDBAL/Stock,6
,06030-403,,HDBAL/Stock,6
,14010-1-813,,HDBAL/Stock,12
,14115-1-403,,HDBAL/Stock,9
,14139-1-503,,HDBAL/Stock,11
,14149-1-804,,HDBAL/Stock,10
,14164-1-464,,HDBAL/Stock,11
,14168-1-404,,HDBAL/Stock,2
,14199-1-605,,HDBAL/Stock,11
,14206-1-805,,HDBAL/Stock,12
,14223-1-304,,HDBAL/Stock,7
,14226-1-102,,HDBAL/Stock,10
,14227-1-812,,HDBAL/Stock,12
,23001-1-644,,HDBAL/Stock,6
,23028-1-344,,HDBAL/Stock,2
,23029-1-544,,HDBAL/Stock,6
,T21141-1,,MMSNC/Stock,1
,T21126-1,,HDORT/Stock,2
,M1917-34,,RDSAL/Stock,1
,09186-1-701,,RDSAL/Stock,5
,T15180-1,,RDSAL/Stock,4
,T15187-1,,RDSAL/Stock,3
,T16117-1,,RDSAL/Stock,2
,T16118-1,,RDSAL/Stock,1
,T16121-1,,RDSAL/Stock,2
,T16120-1,,RDSAL/Stock,2
,T16123-1,,RDSAL/Stock,2
,T16124-1,,RDSAL/Stock,5
,T16271-1,,RDSAL/Stock,1
,T21018-1,,RDSAL/Stock,2
,T21020-1,,RDSAL/Stock,1
,T21021-1,,RDSAL/Stock,1
,T21023-1,,RDSAL/Stock,1
,T21064-1,,RDSAL/Stock,1
,T21063-1,,RDSAL/Stock,2
,T21059-1,,RDSAL/Stock,3
,T21071-1,,RDSAL/Stock,5
,T21112-1,,RDSAL/Stock,2
,T21130-1,,RDSAL/Stock,2
,T21137-1,,RDSAL/Stock,1
,T21139-1,,RDSAL/Stock,1
,T21149-1,,RDSAL/Stock,5
,T21151-1,,RDSAL/Stock,2
,824011-11,,FHBAT/Stock,2
,824006-5,,FHBAT/Stock,2
,824007-5,,FHBAT/Stock,2
,M1639-18,,FHBAT/Stock,1
,M1640-12,,FHBAT/Stock,1
,M1653-19,,FHBAT/Stock,1
,M1639-18,,FHLIP/Stock,1
,M1640-12,,FHLIP/Stock,1
,M1656-19,,FHLIP/Stock,1
,M1705-12,,FHLIP/Stock,1
,Soy Candle,,SAH/Stock,21
,Soy Candle,,SAH/Stock,21
,T21109-1,,HDALA/Stock,1
,T21100-1,,HDALA/Stock,1
,M1955-11,,HDALA/Stock,2
,W1975-4,,HDALA/Stock,2
,09334-200,,HDALA/Stock,2
,1123052-1,,RUATC/Stock,2
,1123117-1W,,RUATC/Stock,1
,1123109-1W,,RUATC/Stock,1
,1123124-1,,RUATC/Stock,1
,1123148-1,,RUATC/Stock,3
,1123149-1,,RUATC/Stock,3
,1123150-2,,RUATC/Stock,2
,1123151-1,,RUATC/Stock,1
,1123140-2,,RUATC/Stock,2
,1123141-1,,RUATC/Stock,1
,1123142-1,,RUATC/Stock,1
,1123143-1,,RUATC/Stock,2
,1123144-1,,RUATC/Stock,1
,T19148-1,,RUATC/Stock,1
,T19149-1,,RUATC/Stock,1
,1123134-1,,RUATC/Stock,1
,1123135-1,,RUATC/Stock,2
,1123138-1,,RUATC/Stock,2
,1123139-1,,RUATC/Stock,2
,1123113-1W,,RUMKT/Stock,1
,1123117-1B,,RUMKT/Stock,1
,1123120-1W,,RUMKT/Stock,1
,923025-2,,RUMKT/Stock,1
,1123124-1,,RUMKT/Stock,1
,1123125-2,,RUMKT/Stock,1
,1123148-1,,RUMKT/Stock,3
,1123149-1,,RUMKT/Stock,3
,1123150-2,,RUMKT/Stock,2
,1123151-1,,RUMKT/Stock,2
,1123138-1,,RUMKT/Stock,2
,1123139-1,,RUMKT/Stock,2
,1123143-1,,RUMKT/Stock,1
,1123144-1,,RUMKT/Stock,2
,1123145-1,,RUMKT/Stock,1
,1123046-1,,RURT/Stock,1
,1123121-3,,RURT/Stock,3
,1123128-1,,RURT/Stock,1
,1123148-1,,RURT/Stock,2
,1123149-1,,RURT/Stock,1
,1123150-2,,RURT/Stock,1
,1123151-1,,RURT/Stock,3
,1123043-1,,RURT/Stock,4
,1123044-1,,RURT/Stock,4
,1123140-2,,RURT/Stock,2
,1123143-1,,RURT/Stock,1
,1123144-1,,RURT/Stock,2
,T19149-1,,RURT/Stock,3
,1123134-1,,RURT/Stock,2
,1123135-1,,RURT/Stock,2
,1123138-1,,RURT/Stock,2
,1123139-1,,RURT/Stock,2
,T1641-2,,HDORT/Stock,1
,T1675-2,,HDORT/Stock,1
,T1723-1,,HDORT/Stock,2
,TS18231-1,,HDORT/Stock,1
,T18102-1,,HDBAL/Stock,1
,T21154-1,,HDBAL/Stock,3
,T21155-1,,HDBAL/Stock,4
,T21188-1,,HDBAL/Stock,3
,14205-1-304,,HDBAL/Stock,7
,M1953-26,,RDSAL/Stock,1
,T15166-1,,RDSAL/Stock,1
,T15166-1,,RDSER/Stock,2
,T15161-1,,RDSER/Stock,1
,T15180-1,,RDSER/Stock,4
,T15187-1,,RDSER/Stock,3
,T16117-1,,RDSER/Stock,2
,T16118-1,,RDSER/Stock,2
,T16119-1,,RDSER/Stock,3
,T16120-1,,RDSER/Stock,1
,T16124-1,,RDSER/Stock,4
,T19120-4,,RDSER/Stock,1
,T21003-2,,RDSER/Stock,1
,T21005-2,,RDSER/Stock,1
,T21007-2,,RDSER/Stock,2
,T21006-2,,RDSER/Stock,1
,T21010-1,,RDSER/Stock,1
,T21011-1,,RDSER/Stock,2
,T21063-1,,RDSER/Stock,2
,T21071-1,,RDSER/Stock,1
,T21113-1,,RDSER/Stock,1
,M1855-27,,RDSER/Stock,1
,M1917-34,,RDSER/Stock,2
,624020-1,,FSWHS/Stock,770
,TS18213-1BL,,HDCOM/Stock,1
,1223031-1,,RDSAL/Stock,1
,M22001-5,,HDCOM/Stock,1
,T21042-1,,HDCOM/Stock,1
,T21129-1,,HDCOM/Stock,3
,T21131-1,,HDCOM/Stock,1
,T21132-1,,HDCOM/Stock,3
,T21128-1,,HDCOM/Stock,2
,TS21045-1,,HDCOM/Stock,1
,06030-414,,HDCOM/Stock,5
,06030-403,,HDCOM/Stock,2
,1223028-1,,FS112/Stock,1
,1223029-1,,FS112/Stock,2
,1223030-1,,FS112/Stock,2
,1223031-1,,FS112/Stock,1
,1223032-1,,FS112/Stock,1
,1223033-1,,FS112/Stock,2
,1223034-1,,FS112/Stock,1
,624013-6,,FS112/Stock,12
,624014-6,,FS112/Stock,11
,624015-2,,FS112/Stock,5
,624016-4,,FS112/Stock,12
,624017-3,,FS112/Stock,8
,1223029-1,,FLMKT/Stock,2
,1223034-1,,FLMKT/Stock,2
,1223028-1,,FSFLO/Stock,4
,1223029-1,,FSFLO/Stock,4
,1223030-1,,FSFLO/Stock,3
,1223032-1,,FSFLO/Stock,2
,1223033-1,,FSFLO/Stock,2
,1223034-1,,FSFLO/Stock,4
,1223033-1,,RDSAL/Stock,2
,923026-2,,HDALA/Stock,2
,923027-2,,HDALA/Stock,2
,923028-2,,HDALA/Stock,1
,923029-1,,HDALA/Stock,1
,824003-5,,HDALA/Stock,1
,824006-5,,HDALA/Stock,1
,1123043-1,,HDALA/Stock,1
,1123045-1,,HDALA/Stock,1
,1123047-1,,HDALA/Stock,1
,1123149-1,,HDALA/Stock,2
,1123151-1,,HDALA/Stock,2
,1205479-6,,HDALA/Stock,1
,0371179-7,,HDALA/Stock,1
,W1509-14,,HDALA/Stock,1
,0371896-10,,HDALA/Stock,1
,037837-6,,HDALA/Stock,1
,1223099-3,,RDSAL/Stock,1
,824002-7,,RDSAL/Stock,1
,824003-5,,RDSAL/Stock,1
,824006-5,,RDSAL/Stock,1
,824008-7,,RDSAL/Stock,1
,1123120-1W,,RDSAL/Stock,1
,1123148-1,,RDSAL/Stock,2
,1123149-1,,RDSAL/Stock,2
,1123150-2,,RDSAL/Stock,2
,1123151-1,,RDSAL/Stock,1
,923014-2,,RDSAL/Stock,1
,923017-2,,RDSAL/Stock,1
,923026-2,,RDSAL/Stock,1
,923027-2,,RDSAL/Stock,1
,923028-2,,RDSAL/Stock,2
,923029-1,,RDSAL/Stock,2
,1123043-1,,RDSAL/Stock,2
,1123047-1,,RDSAL/Stock,1
,1123112-1W,,RDSAL/Stock,1
,1123113-1B,,RDSAL/Stock,1
,1123113-1W,,RDSAL/Stock,1
,1123116-1W,,RDSAL/Stock,1
,1123117-1B,,RDSAL/Stock,1
,1123117-1W,,RDSAL/Stock,1
,1123120-1B,,RDSAL/Stock,1
,T15157-3,,RDSAL/Stock,1
,T15158-2,,RDSAL/Stock,1
,T15161-1,,RDSAL/Stock,1
,T21085-1,,RDSAL/Stock,2
,T21124-1,,RDSAL/Stock,2
,T21152-1,,RDSAL/Stock,3
,1223008-1,,RDSAL/Stock,4
,M22002-5,,RDSAL/Stock,2
,M22003-6,,RDSAL/Stock,3
,1223013-1,,RDSAL/Stock,2
,1223021-1,,RDSAL/Stock,2
,923028-2,,HDBAL/Stock,2
,1223097-2,,HDBAL/Stock,2
,1223098-2,,HDBAL/Stock,1
,824006-5,,HDBAL/Stock,1
,824008-7,,HDBAL/Stock,1
,1123043-1,,HDBAL/Stock,1
,1123045-1,,HDBAL/Stock,1
,1123048-1,,HDBAL/Stock,2
,1123117-1W,,HDBAL/Stock,2
,1123149-1,,HDBAL/Stock,2
,1123150-2,,HDBAL/Stock,1
,1123151-1,,HDBAL/Stock,1
,923027-2,,HDBAL/Stock,2
,1596207-3,,HDBAL/Stock,1
,1622064-7,,HDBAL/Stock,1
,1622065-7,,HDBAL/Stock,1
,W1509-14,,HDBAL/Stock,1
,1206059-6,,HDBAL/Stock,1
,1324366-4,,HDBAL/Stock,1
,1325267-5,,HDBAL/Stock,1
,1401452-3,,HDBAL/Stock,1
,1403500-3,,HDBAL/Stock,1
,T16290-1,,HDBAL/Stock,2
,SW22109-8,,HDBAL/Stock,1
,SW22106-8,,HDBAL/Stock,1
,1123089-1,,HDBAL/Stock,1
,1324249-3,,FDSAL/Stock,10
,22-01001-3,,FDSAL/Stock,6
,22-01002-3,,FDSAL/Stock,6
,22-01003-3,,FDSAL/Stock,6
,22-01004-3,,FDSAL/Stock,6
,22-01005-3,,FDSAL/Stock,6
,0371186-10,,FDSAL/Stock,1
,0524195-8,,FDSAL/Stock,1
,0524196-8,,FDSAL/Stock,1
,0524202-8,,FDSAL/Stock,1
,0524203-8,,FDSAL/Stock,1
,W1765-18,,FDSAL/Stock,0
,06030-400,,FDSAL/Stock,6
,06030-403,,FDSAL/Stock,6
,06030-414,,FDSAL/Stock,6
,06030-434,,FDSAL/Stock,1
,T18210-1PK,,FDSAL/Stock,3
,T18210-1BL,,FDSAL/Stock,3
,T18212-1PK,,FDSAL/Stock,4
,T18214-1PK,,FDSAL/Stock,3
,T18214-1BL,,FDSAL/Stock,2
,O20036-6,,FDSAL/Stock,5
,O20037-6,,FDSAL/Stock,6
,O20038-6,,FDSAL/Stock,5
,O20039-6,,FDSAL/Stock,6
,O20040-6,,FDSAL/Stock,6
,O20041-6,,FDSAL/Stock,6
,O1920-1,,FDSAL/Stock,4
,0410-1,,FDSAL/Stock,6
,0412-1,,FDSAL/Stock,6
,0413-1,,FDSAL/Stock,5
,0411-1,,FDSAL/Stock,6
,O1922-4,,FDSAL/Stock,2
,0414-1,,FDSAL/Stock,3
,0415-1,,FDSAL/Stock,3
,1223007-1,,FDSAL/Stock,6
,1223008-1,,FDSAL/Stock,6
,1223020-1,,FDSAL/Stock,6
,1223028-1,,FDSAL/Stock,6
,1223030-1,,FDSAL/Stock,6
,1223031-1,,FDSAL/Stock,6
,1223034-1,,FDSAL/Stock,6
,1223010-1,,FDSAL/Stock,6
,1223013-1,,FDSAL/Stock,6
,923003-1,,FDSAL/Stock,6
,923004-1,,FDSAL/Stock,6
,923005-1,,FDSAL/Stock,6
,923006-1,,FDSAL/Stock,6
,923007-1,,FDSAL/Stock,6
,OS22001-1,,FDSAL/Stock,6
,2BP19007-8,,FDSAL/Stock,12
,2BP19017-9,,FDSAL/Stock,12
,1PL19012-11.5,,FDSAL/Stock,12
,1PL19011-9.75,,FDSAL/Stock,12
,1PL19016-14,,FDSAL/Stock,12
,1PL19008-13,,FDSAL/Stock,12
,1PL19007-14,,FDSAL/Stock,12
,1PL19015-14,,FDSAL/Stock,12
,824003-5,,FDSAL/Stock,2
,824006-5,,FDSAL/Stock,2
,824007-5,,FDSAL/Stock,2
,824008-7,,FDSAL/Stock,2
,923014-2,,HDCOM/Stock,2
,923026-2,,HDCOM/Stock,1
,923027-2,,HDCOM/Stock,2
,923028-2,,HDCOM/Stock,2
,923029-1,,HDCOM/Stock,1
,1223097-2,,HDCOM/Stock,2
,1223098-2,,HDCOM/Stock,1
,923027-2,,RDSER/Stock,2
,923028-2,,RDSER/Stock,1
,923029-1,,RDSER/Stock,1
,824008-7,,RDSER/Stock,2
,1123113-1W,,RDSER/Stock,2
,1123116-1B,,RDSER/Stock,1
,1123148-1,,RDSER/Stock,1
,1123149-1,,RDSER/Stock,1
,1123150-2,,RDSER/Stock,1
,1123151-1,,RDSER/Stock,1
,923014-2,,RDSER/Stock,1
,M1708-12,,RDSER/Stock,1
,T21141-1,,RDSER/Stock,1
,T21149-1,,RDSER/Stock,2
,T21150-1,,RDSER/Stock,5
,923028-2,,MMURD/Stock,2
,923029-1,,MMURD/Stock,2
,1323126-6,,MMURD/Stock,1
,1323127-6,,MMURD/Stock,1
,W21461-4,,MMURD/Stock,1
,824003-5,,MMURD/Stock,2
,824006-5,,MMURD/Stock,2
,F20001-7,,FSWHS/Stock,42
,F20003-5,,FSWHS/Stock,35
,20-03013-1,,RDSPA/Stock,1
,06024-1-801,,RDSPA/Stock,1
,06025-1-801,,RDSPA/Stock,1
,20-03019-1,,RDSPA/Stock,1
,20-03020-1,,RDSPA/Stock,2
,20-03021-1,,RDSPA/Stock,1
,20-03027-1,,RDSPA/Stock,1
,20-03028-1,,RDSPA/Stock,1
,20-03029-1,,RDSPA/Stock,3
,T15177-1,,RDSPA/Stock,2
,20-03023-1,,RDSPA/Stock,1
,T16157-1,,RDSPA/Stock,2
,T16158-2,,RDSPA/Stock,2
,20-03017-1,,RDSPA/Stock,1
,1123047-1,,RDSPA/Stock,2
,1123048-1,,RDSPA/Stock,1
,1123043-1,,RDSPA/Stock,2
,1123044-1,,RDSPA/Stock,2
,T1978-2,,RDSPA/Stock,3
,T1979-1,,RDSPA/Stock,2
,T15301-1,,RDSPA/Stock,1
,T16281-1,,RDSPA/Stock,2
,T18154-2,,RDSPA/Stock,1
,09340-140,,RDSPA/Stock,1
,09207-1-801,,RDSPA/Stock,1
,T16129-3,,RDSPA/Stock,1
,09094-1-681,,RDSPA/Stock,1
,09095-1-681,,RDSPA/Stock,2
,09375-114,,RDSPA/Stock,1
,09375-115,,RDSPA/Stock,1
,123338-10,,RDSPA/Stock,1
,D1944-20,,RDSPA/Stock,1
,123381-11,,RDSPA/Stock,1
,123382-12,,RDSPA/Stock,1
,123294-10,,RDSPA/Stock,1
,123322-16,,RDSPA/Stock,1
,123323-16,,RDSPA/Stock,1
,123316-15,,RDSPA/Stock,1
,123317-10,,RDSPA/Stock,1
,123318-13,,RDSPA/Stock,1
,123319-10,,RDSPA/Stock,1
,123320-6,,RDSPA/Stock,1
,123313-6,,RDSPA/Stock,1
,123314-6,,RDSPA/Stock,1
,123315-6,,RDSPA/Stock,1
,123337-7,,RDSPA/Stock,1
,123347-7,,RDSPA/Stock,1
,06033-140,,RDSPA/Stock,1
,09320-140,,RDSPA/Stock,1
,824003-5,,FHBAT/Stock,1
,824003-5,,FHLIP/Stock,1
,1123130-1,,RUATC/Stock,1
,T21145-1,,RDSER/Stock,1
,1123043-1,,HDCOM/Stock,1
,1123045-1,,HDCOM/Stock,1
,1123046-1,,HDCOM/Stock,1
,1123048-1,,HDCOM/Stock,1
,1123117-1W,,HDCOM/Stock,1
,1123148-1,,HDCOM/Stock,2
,1123149-1,,HDCOM/Stock,2
,1123151-1,,HDCOM/Stock,2
,T1865-1,,HDORT/Stock,1
,T21050-1,,HDORT/Stock,1
,Soy Candle,,SAH/Stock,22
,1223002-1,,FSTOW/Stock,3
,1223010-1,,FSTOW/Stock,4
,1223007-1,,FSTOW/Stock,4
,1224043-1,,FSTOW/Stock,4
,1224043-1,,FSWHS/Stock,84
,1223002-1,,FS112/Stock,4
,1223010-1,,FS112/Stock,4
,1223007-1,,FS112/Stock,4
,1224043-1,,FS112/Stock,4
,1223002-1,,FSATC/Stock,4
,1223010-1,,FSATC/Stock,2
,1223007-1,,FSATC/Stock,2
,1224043-1,,FSATC/Stock,4
,923005-1,,RUATC/Stock,3
,1124032-1,,RUATC/Stock,2
,1124033-2,,RUATC/Stock,3
,1224027-1,,RUATC/Stock,2
,1123113-1B,,RUATC/Stock,1
,1123113-1W,,RUATC/Stock,3
,1124031-2,,RUATC/Stock,2
,924075-1,,RUATC/Stock,10
,924067-1,,RUATC/Stock,35
,924068-1,,RUATC/Stock,43
,924076-1,,RUATC/Stock,21
,924077-1,,RUATC/Stock,17
,1124032-1,,RUMKT/Stock,3
,1124033-2,,RUMKT/Stock,3
,1224028-1,,RUMKT/Stock,2
,1224027-1,,RUMKT/Stock,5
,923005-1,,RUMKT/Stock,2
,923006-1,,RUMKT/Stock,1
,1123109-1B,,RUMKT/Stock,1
,1123109-1W,,RUMKT/Stock,1
,1123112-1B,,RUMKT/Stock,1
,924086-3,,RUMKT/Stock,1
,924087-2,,RUMKT/Stock,1
,924077-1,,RUMKT/Stock,28
,924065-1,,RUMKT/Stock,1
,924067-1,,RUMKT/Stock,59
,924068-1,,RUMKT/Stock,47
,924075-1,,RUMKT/Stock,13
,924076-1,,RUMKT/Stock,28
,1124032-1,,RURT/Stock,4
,1124033-2,,RURT/Stock,4
,1123113-1B,,RURT/Stock,1
,1224027-1,,RURT/Stock,2
,1124031-2,,RURT/Stock,4
,924066-1,,RURT/Stock,2
,924065-1,,RURT/Stock,39
,924075-1,,RURT/Stock,15
,924076-1,,RURT/Stock,21
,924067-1,,RURT/Stock,19
,924068-1,,RURT/Stock,58
,924069-1,,RURT/Stock,13
,1324066-1,,FDSAL/Stock,66
,01018-234,,FDSAL/Stock,1
,422050-1,,FDSAL/Stock,3
,422057-1,,FDSAL/Stock,3
,422053-1,,FDSAL/Stock,2
,LX191055-1,,FDSAL/Stock,3
,X21023-1-3,,FDSAL/Stock,1
,X21160-1-3,,FDSAL/Stock,4
,X21042-1-3,,FDSAL/Stock,2
,X21050-1-3,,FDSAL/Stock,3
,X21164-1-3,,FDSAL/Stock,1
,X1966-1-3,,FDSAL/Stock,2
,X21016-1-3,,FDSAL/Stock,1
,X19610-1,,FDSAL/Stock,11
,423022-1-3,,FDSAL/Stock,7
,424105-1,,FDSAL/Stock,5
,424106-1,,FDSAL/Stock,5
,F1917-2,,FDSAL/Stock,16
,1325727-5,,FDSAL/Stock,1
,0372440-5,,FDSAL/Stock,1
,17-02134-2BK,,FDSAL/Stock,1
,17-02135-2BK,,FDSAL/Stock,1
,17-02082-3WH,,FDSAL/Stock,0
,06029-403,,FDSAL/Stock,2
,06029-414,,FDSAL/Stock,6
,06029-434,,FDSAL/Stock,6
,162953-9,,FDSAL/Stock,1
,1622072-13,,FDSAL/Stock,1
,1622073-10,,FDSAL/Stock,1
,162442-9,,FDSAL/Stock,1
,162446-9,,FDSAL/Stock,1
,162444-9,,FDSAL/Stock,1
,162450-9,,FDSAL/Stock,0
,162594-9,,FDSAL/Stock,1
,162600-10,,FDSAL/Stock,1
,162944-9,,FDSAL/Stock,1
,162945-9,,FDSAL/Stock,1
,923028-2,,MMSNC/Stock,2
,923029-1,,MMSNC/Stock,2
,824003-5,,MMSNC/Stock,2
,824006-5,,MMSNC/Stock,3
,824007-5,,MMSNC/Stock,2
,924075-1,,HDALA/Stock,1
,924076-1,,HDALA/Stock,2
,924077-1,,HDALA/Stock,2
,924044-1,,HDALA/Stock,2
,924092-1,,HDALA/Stock,2
,924093-1,,HDALA/Stock,2
,924094-1,,HDALA/Stock,1
,1224045-1,,HDALA/Stock,2
,1224046-1,,HDALA/Stock,2
,1224047-1,,HDALA/Stock,2
,1224063-1,,HDALA/Stock,1
,1224064-1,,HDALA/Stock,1
,924066-1,,HDALA/Stock,1
,924067-1,,HDALA/Stock,2
,924068-1,,HDALA/Stock,2
,924069-1,,HDALA/Stock,1
,1205502-5,,HDALA/Stock,1
,1205503-5,,HDALA/Stock,1
,D16383-8,,HDALA/Stock,1
,09213-1-501,,MMSNC/Stock,1
,SW21436-8,,MMSNC/Stock,1
,W21549-6,,MMSNC/Stock,1
,W21588-8,,MMSNC/Stock,1
,T18108-1BK,,MMSNC/Stock,1
,T18108-1WH,,MMSNC/Stock,2
,T18169-1BK,,MMSNC/Stock,2
,T18169-1WH,,MMSNC/Stock,1
,T18172-1BK,,MMSNC/Stock,2
,T18175-2WH,,MMSNC/Stock,2
,T18175-2BK,,MMSNC/Stock,2
,T18178-2BK,,MMSNC/Stock,1
,T18178-2WH,,MMSNC/Stock,2
,T18227-1N,,MMSNC/Stock,1
,T1861-1,,MMSNC/Stock,1
,T21101-1,,MMSNC/Stock,1
,T21128-1,,MMSNC/Stock,4
,T21129-1,,MMSNC/Stock,3
,T21130-1,,MMSNC/Stock,1
,T21132-1,,MMSNC/Stock,1
,T21133-1,,MMSNC/Stock,2
,T21134-1,,MMSNC/Stock,2
,T21155-1,,MMSNC/Stock,3
,TS1854-1,,MMSNC/Stock,1
,W19329-8,,MMSNC/Stock,1
,W21002-10,,MMSNC/Stock,1
,W21012-6,,MMSNC/Stock,1
,01016-234,,FDSAL/Stock,1
,09201-1-801,,RDSPA/Stock,1
,09375-113,,RDSPA/Stock,1
,09211-1-801,,RDSPA/Stock,1
,09366-140,,RDSPA/Stock,1
,06004-1-173,,RDSPA/Stock,2
,06017-1-809,,RDSPA/Stock,1
,09300-1-801,,RDSPA/Stock,1
,501671-10,,SAH/Stock,2
,5021096-13,,SAH/Stock,1
,Rmspy,,SAH/Stock,8
,Rmspy,,SAH/Stock,1
,Soy Candle,,SAH/Stock,26
,Soy Candle,,SAH/Stock,36
,824011-11,,FHLIP/Stock,1
,M1625-12,,FHLIP/Stock,1
,M1640-18,,FHLIP/Stock,1
,M1537-24,,FHLIP/Stock,1
,C1834-6,,FHBAT/Stock,1
,524006-8,,FHBAT/Stock,1
,M1625-12,,FHBAT/Stock,1
,M1536-34,,FHBAT/Stock,1
,M1537-24,,FHBAT/Stock,1
,M1625-19,,FHBAT/Stock,1
,924077-1,,RDSAL/Stock,1
,924044-1,,RDSAL/Stock,2
,924092-1,,RDSAL/Stock,2
,924093-1,,RDSAL/Stock,2
,924094-1,,RDSAL/Stock,2
,1224046-1,,RDSAL/Stock,2
,1224047-1,,RDSAL/Stock,2
,1224061-1,,RDSAL/Stock,2
,1224062-1,,RDSAL/Stock,1
,1224063-1,,RDSAL/Stock,2
,1224064-1,,RDSAL/Stock,2
,924065-1,,RDSAL/Stock,5
,924066-1,,RDSAL/Stock,3
,924067-1,,RDSAL/Stock,4
,924068-1,,RDSAL/Stock,4
,924069-1,,RDSAL/Stock,6
,M1909-35,,RDSAL/Stock,1
,M1657-12,,RDSAL/Stock,1
,M1653-12,,RDSAL/Stock,1
,Wsol,,RDSAL/Stock,5
,Wsol,,RDSAL/Stock,1
,Wsol,,RDSAL/Stock,7
,Wsol,,RDSAL/Stock,8
,Wsol,,RDSAL/Stock,13
,Wsol,,RDSAL/Stock,15
,Wsol,,RDSAL/Stock,15
,Wsol,,RDSAL/Stock,14
,Soy Candle,,RDSAL/Stock,4
,Soy Candle,,RDSAL/Stock,6
,Soy Candle,,RDSAL/Stock,5
,Soy Candle,,RDSAL/Stock,2
,Soy Candle,,RDSAL/Stock,2
,Soy Candle,,RDSAL/Stock,4
,Soy Candle,,RDSAL/Stock,7
,Soy Candle,,RDSAL/Stock,9
,Soy Candle,,RDSAL/Stock,5
,Soy Candle,,RDSAL/Stock,6
,Soy Candle,,RDSAL/Stock,2
,Rmspy,,RDSAL/Stock,4
,Rmspy,,RDSAL/Stock,10
,Rmspy,,RDSAL/Stock,8
,Rmspy,,RDSAL/Stock,8
,Rmspy,,RDSAL/Stock,7
,Reed Diff,,RDSAL/Stock,4
,Reed Diff,,RDSAL/Stock,8
,Reed Diff,,RDSAL/Stock,2
,Reed Diff,,RDSAL/Stock,3
,Reed Diff,,RDSAL/Stock,4
,Reed Diff,,RDSAL/Stock,1
,924075-1,,RDSER/Stock,2
,924077-1,,RDSER/Stock,2
,924044-1,,RDSER/Stock,2
,924092-1,,RDSER/Stock,2
,924093-1,,RDSER/Stock,2
,924094-1,,RDSER/Stock,2
,1224046-1,,RDSER/Stock,2
,1224047-1,,RDSER/Stock,2
,1224061-1,,RDSER/Stock,1
,1224062-1,,RDSER/Stock,2
,924065-1,,RDSER/Stock,4
,924066-1,,RDSER/Stock,6
,924067-1,,RDSER/Stock,6
,924068-1,,RDSER/Stock,3
,924069-1,,RDSER/Stock,3
,Soy Candle,,RDSER/Stock,7
,Soy Candle,,RDSER/Stock,7
,Soy Candle,,RDSER/Stock,4
,Soy Candle,,RDSER/Stock,1
,Rmspy,,RDSER/Stock,7
,Rmspy,,RDSER/Stock,5
,Rmspy,,RDSER/Stock,2
,Rmspy,,RDSER/Stock,1
,Wsol,,RDSER/Stock,4
,Wsol,,RDSER/Stock,1
,Wsol,,RDSER/Stock,3
,Wsol,,RDSER/Stock,4
,824006-5,,RDSER/Stock,1
,M1653-12,,RDSER/Stock,1
,M1657-12,,RDSER/Stock,1
,1123089-1,,RDSER/Stock,2
,Reed Diff,,RDSER/Stock,6
,Reed Diff,,RDSER/Stock,1
,Reed Diff,,RDSER/Stock,1
,Reed Diff,,RDSER/Stock,2
,1123136-1,,RUATC/Stock,2
,1123145-1,,RUATC/Stock,2
,924048-2,,RUATC/Stock,4
,924014-3,,RUATC/Stock,1
,924016-3,,RUATC/Stock,2
,1224037-1,,RUATC/Stock,4
,1224039-1,,RUATC/Stock,4
,1224038-1,,RUATC/Stock,2
,1224040-1,,RUATC/Stock,2
,1123137-1,,RURT/Stock,1
,924016-3,,RURT/Stock,1
,1224037-1,,RURT/Stock,4
,1224039-1,,RURT/Stock,4
,1224040-1,,RURT/Stock,2
,1224038-1,,RURT/Stock,1
,1123134-1,,RUMKT/Stock,1
,1123135-1,,RUMKT/Stock,1
,1123136-1,,RUMKT/Stock,1
,1123137-1,,RUMKT/Stock,1
,924048-2,,RUMKT/Stock,3
,1224038-1,,RUMKT/Stock,3
,1224040-1,,RUMKT/Stock,3
,924013-3,,RUMKT/Stock,3
,924014-3,,RUMKT/Stock,4
,924016-3,,RUMKT/Stock,4
,1224037-1,,RUMKT/Stock,3
,1224039-1,,RUMKT/Stock,3
,Soy Candle,,SAH/Stock,13
,Soy Candle,,RDSER/Stock,5
,Soy Candle,,RDSER/Stock,1
,Soy Candle,,RDSER/Stock,4
,Soy Candle,,RDSER/Stock,3
,924056-2,,RDSPA/Stock,2
,924054-2,,RDSPA/Stock,2
,924039-1,,RDSPA/Stock,3
,924040-1,,RDSPA/Stock,2
,1224041-1,,RDSPA/Stock,2
,1224048-2,,RDSPA/Stock,2
,1224049-1,,RDSPA/Stock,2
,1224050-2,,RDSPA/Stock,2
,1224051-1,,RDSPA/Stock,2
,1224025-1,,RDSPA/Stock,2
,1224026-1,,RDSPA/Stock,2
,1224029-1,,RDSPA/Stock,1
,1224023-1,,RDSPA/Stock,2
,1224030-1,,RDSPA/Stock,2
,1224031-1,,RDSPA/Stock,3
,1224044-1A,,RDSPA/Stock,2
,1224044-1B,,RDSPA/Stock,2
,1224044-1C,,RDSPA/Stock,3
,924041-2,,RDSPA/Stock,2
,1124020-3,,RDSPA/Stock,4
,1124021-3,,RDSPA/Stock,3
,924081-1,,RDSPA/Stock,2
,924082-1,,RDSPA/Stock,2
,924083-1,,RDSPA/Stock,2
,924084-1,,RDSPA/Stock,2
,924085-1,,RDSPA/Stock,2
,924088-1,,RDSPA/Stock,2
,924035-1,,RDSPA/Stock,2
,924036-1,,RDSPA/Stock,2
,924037-1,,RDSPA/Stock,2
,5021013-10BK,,SAH/Stock,1
,502924-9,,SAH/Stock,1
,501921-9,,SAH/Stock,1
,501920-9,,SAH/Stock,2
,5021012-12BK,,SAH/Stock,1
,502372-12,,SAH/Stock,1
,502570-11,,SAH/Stock,2
,1223031-1,,FLMKT/Stock,4
,624013-6,,FSATC/Stock,29
,624014-6,,FSATC/Stock,35
,624015-2,,FSATC/Stock,17
,624016-4,,FSATC/Stock,15
,624017-3,,FSATC/Stock,27
,1223028-1,,FSATC/Stock,2
,1223029-1,,FSATC/Stock,3
,1223030-1,,FSATC/Stock,1
,1223032-1,,FSATC/Stock,3
,1223033-1,,FSATC/Stock,3
,1223034-1,,FSATC/Stock,3
,624013-6,,FSMKT/Stock,48
,624014-6,,FSMKT/Stock,47
,624015-2,,FSMKT/Stock,30
,624016-4,,FSMKT/Stock,19
,624017-3,,FSMKT/Stock,22
,1223029-1,,FSTOW/Stock,1
,1223030-1,,FSTOW/Stock,1
,1223031-1,,FSTOW/Stock,1
,1223032-1,,FSTOW/Stock,3
,1223033-1,,FSTOW/Stock,1
,1223034-1,,FSTOW/Stock,3
,624013-6,,FSTOW/Stock,40
,624014-6,,FSTOW/Stock,48
,624015-2,,FSTOW/Stock,26
,624016-4,,FSTOW/Stock,35
,624017-3,,FSTOW/Stock,40
,1123122-1L,,RUATC/Stock,12
,1123122-1M,,RUATC/Stock,12
,1223101-3,,RUATC/Stock,10
,1223102-2,,RUATC/Stock,13
,1224052-3,,RUATC/Stock,9
,T1843-1,,RUATC/Stock,1
,T1957-1,,RUATC/Stock,1
,09354-208,,RUATC/Stock,2
,1123043-1,,RUATC/Stock,4
,1123044-1,,RUATC/Stock,4
,1123121-3,,RUMKT/Stock,1
,1123128-1,,RUMKT/Stock,1
,1123129-1,,RUMKT/Stock,1
,T19149-1,,RUMKT/Stock,2
,T1961-1,,RUMKT/Stock,1
,T1898-1,,RUMKT/Stock,1
,T1831-1,,RUMKT/Stock,1
,09354-208,,RUMKT/Stock,2
,09257-1-801,,RUMKT/Stock,1
,1123122-1L,,RUMKT/Stock,12
,1123122-1M,,RUMKT/Stock,12
,1223101-3,,RUMKT/Stock,3
,1223102-2,,RUMKT/Stock,1
,1224052-3,,RUMKT/Stock,8
,1124041-1,,RURT/Stock,2
,1124042-1,,RURT/Stock,2
,1124043-1,,RURT/Stock,2
,1124044-1,,RURT/Stock,2
,1124045-1,,RURT/Stock,2
,924077-1,,RURT/Stock,22
,T19161-1,,RURT/Stock,1
,1123050-1,,RURT/Stock,1
,09354-208,,RURT/Stock,3
,1124034-1,,RURT/Stock,2
,1124035-1,,RURT/Stock,1
,1124036-1,,RURT/Stock,2
,1124037-1,,RURT/Stock,2
,1124038-1,,RURT/Stock,2
,1124039-1,,RURT/Stock,2
,1124040-1,,RURT/Stock,2
,1123122-1L,,RURT/Stock,14
,1123122-1M,,RURT/Stock,13
,1223101-3,,RURT/Stock,13
,1223102-2,,RURT/Stock,13
,1224052-3,,RURT/Stock,8
,T16269-1,,RURT/Stock,6
,T1607-1,,RURT/Stock,4
,T1609-1,,RURT/Stock,3
,T1901-2,,RURT/Stock,2
,T1902-1,,RURT/Stock,3
,Wsol,,RDSAL/Stock,7
,Wsol,,RDSAL/Stock,7
,Wsol,,RDSAL/Stock,5
,Wsol,,RDSAL/Stock,13
,Wsol,,RDSER/Stock,12
,Wsol,,RDSER/Stock,3
,Wsol,,RDSER/Stock,9
,Soy Candle,,RDSER/Stock,1
,Soy Candle,,RDSER/Stock,1
,Soy Candle,,RDSER/Stock,1
,Wsol,,RDSER/Stock,4
,Wsol,,RDSER/Stock,7
,Wsol,,RDSER/Stock,-1
,Wsol,,RDSER/Stock,8
,Wsol,,RDSER/Stock,-1
,Wsol,,RDSER/Stock,3
,Wsol,,RDSER/Stock,9
,Soy Candle,,SAH/Stock,26
,Soy Candle,,SAH/Stock,24
,Soy Candle,,SAH/Stock,28
,Soy Candle,,SAH/Stock,35
,Soy Candle,,SAH/Stock,22
,1224033-1,,RDSPA/Stock,2
,1224034-1,,RDSPA/Stock,4
,924055-2,,RDSPA/Stock,2
,1224024-1,,RDSPA/Stock,2
,924038-1,,RDSPA/Stock,2
,09257-1-801,,RDSPA/Stock,3
,09258-1-801,,RDSPA/Stock,1
,T16132-3,,RDSPA/Stock,1
,09140-1-162,,RDSPA/Stock,1
,09188-1-501,,RDSPA/Stock,2
,09231-1-605,,RDSPA/Stock,1
,09178-1-504,,RDSPA/Stock,2
,T15176-1,,RDSPA/Stock,2
,1224034-1,,FSWHS/Stock,40
,1224033-1,,FSWHS/Stock,40
,Rmspy,,FHBAT/Stock,6
,Rmspy,,FHBAT/Stock,4
,Rmspy,,FHBAT/Stock,6
,Rmspy,,FHBAT/Stock,4
,Rmspy,,FHBAT/Stock,4
,Soy Candle,,FHBAT/Stock,6
,Soy Candle,,FHBAT/Stock,4
,Soy Candle,,FHBAT/Stock,4
,Soy Candle,,FHBAT/Stock,2
,Soy Candle,,FHBAT/Stock,4
,Soy Candle,,FHBAT/Stock,4
